年度學期,星期,小時,時間區間,平均功率_kW
113-1,星期一,0,00:00~01:00,47.74571428571428
113-1,星期一,1,01:00~02:00,48.175333333333334
113-1,星期一,2,02:00~03:00,42.474000000000004
113-1,星期一,3,03:00~04:00,44.93000000000001
113-1,星期一,4,04:00~05:00,44.49142857142857
113-1,星期一,5,05:00~06:00,41.763999999999996
113-1,星期一,6,06:00~07:00,47.14200000000001
113-1,星期一,7,07:00~08:00,77.68733333333333
113-1,星期一,8,08:00~09:00,154.82466666666667
113-1,星期一,9,09:00~10:00,224.5733333333333
113-1,星期一,10,10:00~11:00,257.4800000000001
113-1,星期一,11,11:00~12:00,267.6526666666667
113-1,星期一,12,12:00~13:00,267.374
113-1,星期一,13,13:00~14:00,262.2866666666667
113-1,星期一,14,14:00~15:00,264.73133333333334
113-1,星期一,15,15:00~16:00,292.6933333333333
113-1,星期一,16,16:00~17:00,284.722
113-1,星期一,17,17:00~18:00,271.398
113-1,星期一,18,18:00~19:00,150.56214285714287
113-1,星期一,19,19:00~20:00,119.87499999999999
113-1,星期一,20,20:00~21:00,109.67066666666668
113-1,星期一,21,21:00~22:00,95.54071428571429
113-1,星期一,22,22:00~23:00,59.44133333333334
113-1,星期一,23,23:00~24:00,51.355333333333334
113-1,星期二,0,00:00~01:00,46.830000000000005
113-1,星期二,1,01:00~02:00,46.160714285714285
113-1,星期二,2,02:00~03:00,45.382666666666665
113-1,星期二,3,03:00~04:00,43.955333333333336
113-1,星期二,4,04:00~05:00,47.14214285714286
113-1,星期二,5,05:00~06:00,45.215714285714284
113-1,星期二,6,06:00~07:00,47.35357142857144
113-1,星期二,7,07:00~08:00,77.43533333333333
113-1,星期二,8,08:00~09:00,133.19642857142858
113-1,星期二,9,09:00~10:00,214.49142857142851
113-1,星期二,10,10:00~11:00,226.80133333333333
113-1,星期二,11,11:00~12:00,262.8778571428571
113-1,星期二,12,12:00~13:00,253.24866666666665
113-1,星期二,13,13:00~14:00,237.60000000000005
113-1,星期二,14,14:00~15:00,265.2213333333333
113-1,星期二,15,15:00~16:00,264.6213333333333
113-1,星期二,16,16:00~17:00,237.94199999999995
113-1,星期二,17,17:00~18:00,223.28799999999998
113-1,星期二,18,18:00~19:00,147.9442857142857
113-1,星期二,19,19:00~20:00,102.88571428571429
113-1,星期二,20,20:00~21:00,91.745
113-1,星期二,21,21:00~22:00,86.04499999999999
113-1,星期二,22,22:00~23:00,56.03357142857143
113-1,星期二,23,23:00~24:00,53.29785714285715
113-1,星期三,0,00:00~01:00,47.46071428571428
113-1,星期三,1,01:00~02:00,44.567857142857136
113-1,星期三,2,02:00~03:00,47.59571428571429
113-1,星期三,3,03:00~04:00,44.410666666666664
113-1,星期三,4,04:00~05:00,47.59533333333333
113-1,星期三,5,05:00~06:00,45.573333333333345
113-1,星期三,6,06:00~07:00,47.31499999999999
113-1,星期三,7,07:00~08:00,73.32333333333332
113-1,星期三,8,08:00~09:00,135.45
113-1,星期三,9,09:00~10:00,182.42933333333323
113-1,星期三,10,10:00~11:00,228.34066666666666
113-1,星期三,11,11:00~12:00,240.84466666666665
113-1,星期三,12,12:00~13:00,247.0192857142857
113-1,星期三,13,13:00~14:00,231.93285714285716
113-1,星期三,14,14:00~15:00,239.65571428571428
113-1,星期三,15,15:00~16:00,258.25357142857143
113-1,星期三,16,16:00~17:00,247.14571428571432
113-1,星期三,17,17:00~18:00,222.4686666666667
113-1,星期三,18,18:00~19:00,179.41666666666666
113-1,星期三,19,19:00~20:00,112.07733333333333
113-1,星期三,20,20:00~21:00,103.53666666666668
113-1,星期三,21,21:00~22:00,99.77733333333335
113-1,星期三,22,22:00~23:00,58.461333333333336
113-1,星期三,23,23:00~24:00,53.46666666666667
113-1,星期四,0,00:00~01:00,44.947142857142865
113-1,星期四,1,01:00~02:00,44.81142857142858
113-1,星期四,2,02:00~03:00,46.26133333333334
113-1,星期四,3,03:00~04:00,43.61214285714285
113-1,星期四,4,04:00~05:00,46.89133333333333
113-1,星期四,5,05:00~06:00,45.308
113-1,星期四,6,06:00~07:00,44.85142857142858
113-1,星期四,7,07:00~08:00,64.088
113-1,星期四,8,08:00~09:00,121.02933333333335
113-1,星期四,9,09:00~10:00,166.56599999999997
113-1,星期四,10,10:00~11:00,204.78066666666666
113-1,星期四,11,11:00~12:00,218.3546666666667
113-1,星期四,12,12:00~13:00,219.48333333333338
113-1,星期四,13,13:00~14:00,206.75733333333335
113-1,星期四,14,14:00~15:00,219.14066666666668
113-1,星期四,15,15:00~16:00,227.16666666666669
113-1,星期四,16,16:00~17:00,225.6526666666667
113-1,星期四,17,17:00~18:00,215.91266666666664
113-1,星期四,18,18:00~19:00,155.00666666666666
113-1,星期四,19,19:00~20:00,125.242
113-1,星期四,20,20:00~21:00,120.96333333333334
113-1,星期四,21,21:00~22:00,109.64333333333335
113-1,星期四,22,22:00~23:00,56.21666666666667
113-1,星期四,23,23:00~24:00,49.94642857142856
113-1,星期五,0,00:00~01:00,45.99571428571429
113-1,星期五,1,01:00~02:00,43.95785714285713
113-1,星期五,2,02:00~03:00,45.71642857142857
113-1,星期五,3,03:00~04:00,45.80571428571428
113-1,星期五,4,04:00~05:00,46.889333333333326
113-1,星期五,5,05:00~06:00,44.286428571428566
113-1,星期五,6,06:00~07:00,45.915
113-1,星期五,7,07:00~08:00,73.31666666666666
113-1,星期五,8,08:00~09:00,139.82428571428574
113-1,星期五,9,09:00~10:00,189.63714285714286
113-1,星期五,10,10:00~11:00,236.56466666666665
113-1,星期五,11,11:00~12:00,246.8153333333333
113-1,星期五,12,12:00~13:00,247.294
113-1,星期五,13,13:00~14:00,213.43400000000005
113-1,星期五,14,14:00~15:00,254.98466666666664
113-1,星期五,15,15:00~16:00,251.07600000000002
113-1,星期五,16,16:00~17:00,211.50666666666666
113-1,星期五,17,17:00~18:00,191.42599999999996
113-1,星期五,18,18:00~19:00,127.34866666666667
113-1,星期五,19,19:00~20:00,108.44333333333331
113-1,星期五,20,20:00~21:00,102.88733333333333
113-1,星期五,21,21:00~22:00,96.49133333333333
113-1,星期五,22,22:00~23:00,54.69142857142857
113-1,星期五,23,23:00~24:00,51.35066666666667
113-1,星期六,0,00:00~01:00,47.73357142857143
113-1,星期六,1,01:00~02:00,45.26846153846154
113-1,星期六,2,02:00~03:00,43.415000000000006
113-1,星期六,3,03:00~04:00,43.533846153846156
113-1,星期六,4,04:00~05:00,45.807692307692314
113-1,星期六,5,05:00~06:00,44.462857142857146
113-1,星期六,6,06:00~07:00,42.69923076923077
113-1,星期六,7,07:00~08:00,71.45923076923077
113-1,星期六,8,08:00~09:00,119.12785714285715
113-1,星期六,9,09:00~10:00,123.5330769230769
113-1,星期六,10,10:00~11:00,130.5069230769231
113-1,星期六,11,11:00~12:00,135.58642857142857
113-1,星期六,12,12:00~13:00,152.35692307692307
113-1,星期六,13,13:00~14:00,151.72642857142858
113-1,星期六,14,14:00~15:00,161.36285714285714
113-1,星期六,15,15:00~16:00,162.0661538461538
113-1,星期六,16,16:00~17:00,147.6276923076923
113-1,星期六,17,17:00~18:00,145.70076923076925
113-1,星期六,18,18:00~19:00,88.39615384615384
113-1,星期六,19,19:00~20:00,72.95923076923079
113-1,星期六,20,20:00~21:00,66.85000000000001
113-1,星期六,21,21:00~22:00,59.10076923076922
113-1,星期六,22,22:00~23:00,51.645384615384614
113-1,星期六,23,23:00~24:00,48.167142857142856
113-1,星期日,0,00:00~01:00,43.839230769230774
113-1,星期日,1,01:00~02:00,43.846923076923076
113-1,星期日,2,02:00~03:00,43.59428571428572
113-1,星期日,3,03:00~04:00,43.202857142857134
113-1,星期日,4,04:00~05:00,45.385714285714286
113-1,星期日,5,05:00~06:00,43.15928571428572
113-1,星期日,6,06:00~07:00,43.84769230769231
113-1,星期日,7,07:00~08:00,63.033076923076926
113-1,星期日,8,08:00~09:00,87.14538461538463
113-1,星期日,9,09:00~10:00,96.55857142857145
113-1,星期日,10,10:00~11:00,96.4742857142857
113-1,星期日,11,11:00~12:00,94.76571428571427
113-1,星期日,12,12:00~13:00,100.52142857142856
113-1,星期日,13,13:00~14:00,110.06428571428573
113-1,星期日,14,14:00~15:00,129.92285714285714
113-1,星期日,15,15:00~16:00,123.96571428571427
113-1,星期日,16,16:00~17:00,112.59571428571428
113-1,星期日,17,17:00~18:00,100.50642857142859
113-1,星期日,18,18:00~19:00,61.32153846153846
113-1,星期日,19,19:00~20:00,57.16076923076923
113-1,星期日,20,20:00~21:00,56.644285714285715
113-1,星期日,21,21:00~22:00,54.99357142857143
113-1,星期日,22,22:00~23:00,51.681538461538466
113-1,星期日,23,23:00~24:00,46.135714285714286
113-2,星期一,0,00:00~01:00,42.634
113-2,星期一,1,01:00~02:00,44.216
113-2,星期一,2,02:00~03:00,44.65533333333333
113-2,星期一,3,03:00~04:00,43.61733333333333
113-2,星期一,4,04:00~05:00,45.458571428571425
113-2,星期一,5,05:00~06:00,44.721428571428575
113-2,星期一,6,06:00~07:00,43.926
113-2,星期一,7,07:00~08:00,45.90571428571429
113-2,星期一,8,08:00~09:00,110.60785714285714
113-2,星期一,9,09:00~10:00,147.42333333333335
113-2,星期一,10,10:00~11:00,163.18285714285713
113-2,星期一,11,11:00~12:00,169.2785714285714
113-2,星期一,12,12:00~13:00,171.04571428571427
113-2,星期一,13,13:00~14:00,163.64428571428576
113-2,星期一,14,14:00~15:00,197.09428571428572
113-2,星期一,15,15:00~16:00,208.4386666666667
113-2,星期一,16,16:00~17:00,192.38642857142858
113-2,星期一,17,17:00~18:00,191.53266666666664
113-2,星期一,18,18:00~19:00,126.04999999999998
113-2,星期一,19,19:00~20:00,92.26399999999998
113-2,星期一,20,20:00~21:00,84.97733333333333
113-2,星期一,21,21:00~22:00,74.42866666666666
113-2,星期一,22,22:00~23:00,55.658
113-2,星期一,23,23:00~24:00,49.30266666666668
113-2,星期二,0,00:00~01:00,47.14857142857142
113-2,星期二,1,01:00~02:00,44.21266666666667
113-2,星期二,2,02:00~03:00,42.535999999999994
113-2,星期二,3,03:00~04:00,42.57214285714286
113-2,星期二,4,04:00~05:00,44.00928571428572
113-2,星期二,5,05:00~06:00,44.846666666666664
113-2,星期二,6,06:00~07:00,41.54142857142857
113-2,星期二,7,07:00~08:00,44.97714285714286
113-2,星期二,8,08:00~09:00,115.79714285714286
113-2,星期二,9,09:00~10:00,160.96357142857144
113-2,星期二,10,10:00~11:00,179.60714285714286
113-2,星期二,11,11:00~12:00,196.54466666666667
113-2,星期二,12,12:00~13:00,191.92142857142858
113-2,星期二,13,13:00~14:00,178.18785714285715
113-2,星期二,14,14:00~15:00,202.65357142857147
113-2,星期二,15,15:00~16:00,212.9214285714286
113-2,星期二,16,16:00~17:00,202.28857142857143
113-2,星期二,17,17:00~18:00,183.26785714285714
113-2,星期二,18,18:00~19:00,138.50866666666667
113-2,星期二,19,19:00~20:00,95.78357142857143
113-2,星期二,20,20:00~21:00,86.02133333333333
113-2,星期二,21,21:00~22:00,84.55999999999999
113-2,星期二,22,22:00~23:00,55.02230769230769
113-2,星期二,23,23:00~24:00,49.61785714285714
113-2,星期三,0,00:00~01:00,45.01866666666667
113-2,星期三,1,01:00~02:00,45.287142857142854
113-2,星期三,2,02:00~03:00,44.945
113-2,星期三,3,03:00~04:00,44.302
113-2,星期三,4,04:00~05:00,44.94266666666667
113-2,星期三,5,05:00~06:00,44.356
113-2,星期三,6,06:00~07:00,44.76133333333334
113-2,星期三,7,07:00~08:00,48.202
113-2,星期三,8,08:00~09:00,110.82999999999998
113-2,星期三,9,09:00~10:00,171.46266666666665
113-2,星期三,10,10:00~11:00,181.86214285714286
113-2,星期三,11,11:00~12:00,191.3385714285714
113-2,星期三,12,12:00~13:00,196.94142857142856
113-2,星期三,13,13:00~14:00,173.95214285714283
113-2,星期三,14,14:00~15:00,197.04857142857145
113-2,星期三,15,15:00~16:00,212.38500000000002
113-2,星期三,16,16:00~17:00,206.27
113-2,星期三,17,17:00~18:00,180.09642857142856
113-2,星期三,18,18:00~19:00,142.56866666666667
113-2,星期三,19,19:00~20:00,104.24066666666667
113-2,星期三,20,20:00~21:00,93.19599999999998
113-2,星期三,21,21:00~22:00,82.77600000000001
113-2,星期三,22,22:00~23:00,56.13266666666666
113-2,星期三,23,23:00~24:00,50.64357142857143
113-2,星期四,0,00:00~01:00,45.70866666666667
113-2,星期四,1,01:00~02:00,44.686
113-2,星期四,2,02:00~03:00,45.003571428571426
113-2,星期四,3,03:00~04:00,43.402857142857144
113-2,星期四,4,04:00~05:00,46.491428571428564
113-2,星期四,5,05:00~06:00,44.85000000000001
113-2,星期四,6,06:00~07:00,43.95642857142858
113-2,星期四,7,07:00~08:00,45.5092857142857
113-2,星期四,8,08:00~09:00,122.96071428571429
113-2,星期四,9,09:00~10:00,156.86142857142855
113-2,星期四,10,10:00~11:00,189.12076923076924
113-2,星期四,11,11:00~12:00,205.3871428571429
113-2,星期四,12,12:00~13:00,201.00307692307692
113-2,星期四,13,13:00~14:00,176.60461538461539
113-2,星期四,14,14:00~15:00,211.54714285714286
113-2,星期四,15,15:00~16:00,199.60214285714287
113-2,星期四,16,16:00~17:00,205.03384615384616
113-2,星期四,17,17:00~18:00,168.74785714285713
113-2,星期四,18,18:00~19:00,128.10857142857142
113-2,星期四,19,19:00~20:00,95.35071428571428
113-2,星期四,20,20:00~21:00,84.08928571428571
113-2,星期四,21,21:00~22:00,72.98857142857142
113-2,星期四,22,22:00~23:00,53.60466666666668
113-2,星期四,23,23:00~24:00,49.753571428571426
113-2,星期五,0,00:00~01:00,46.04642857142857
113-2,星期五,1,01:00~02:00,45.57384615384615
113-2,星期五,2,02:00~03:00,44.57071428571429
113-2,星期五,3,03:00~04:00,45.30714285714286
113-2,星期五,4,04:00~05:00,46.940000000000005
113-2,星期五,5,05:00~06:00,44.70428571428572
113-2,星期五,6,06:00~07:00,42.99785714285714
113-2,星期五,7,07:00~08:00,47.48428571428571
113-2,星期五,8,08:00~09:00,107.75071428571428
113-2,星期五,9,09:00~10:00,165.93142857142857
113-2,星期五,10,10:00~11:00,197.5042857142857
113-2,星期五,11,11:00~12:00,200.7492857142857
113-2,星期五,12,12:00~13:00,205.74
113-2,星期五,13,13:00~14:00,181.40428571428575
113-2,星期五,14,14:00~15:00,203.65785714285715
113-2,星期五,15,15:00~16:00,197.7607142857143
113-2,星期五,16,16:00~17:00,178.50214285714287
113-2,星期五,17,17:00~18:00,154.31214285714287
113-2,星期五,18,18:00~19:00,121.83571428571429
113-2,星期五,19,19:00~20:00,100.30285714285715
113-2,星期五,20,20:00~21:00,90.38285714285713
113-2,星期五,21,21:00~22:00,79.48571428571428
113-2,星期五,22,22:00~23:00,55.49769230769231
113-2,星期五,23,23:00~24:00,47.2576923076923
113-2,星期六,0,00:00~01:00,43.49357142857143
113-2,星期六,1,01:00~02:00,42.47923076923076
113-2,星期六,2,02:00~03:00,43.76
113-2,星期六,3,03:00~04:00,43.5323076923077
113-2,星期六,4,04:00~05:00,42.61615384615384
113-2,星期六,5,05:00~06:00,44.831538461538464
113-2,星期六,6,06:00~07:00,43.89615384615384
113-2,星期六,7,07:00~08:00,48.164615384615395
113-2,星期六,8,08:00~09:00,93.27642857142857
113-2,星期六,9,09:00~10:00,85.635
113-2,星期六,10,10:00~11:00,101.06714285714285
113-2,星期六,11,11:00~12:00,94.46846153846153
113-2,星期六,12,12:00~13:00,104.8153846153846
113-2,星期六,13,13:00~14:00,114.76928571428572
113-2,星期六,14,14:00~15:00,115.97357142857143
113-2,星期六,15,15:00~16:00,111.04153846153848
113-2,星期六,16,16:00~17:00,118.5657142857143
113-2,星期六,17,17:00~18:00,104.26285714285713
113-2,星期六,18,18:00~19:00,71.11692307692309
113-2,星期六,19,19:00~20:00,67.92357142857144
113-2,星期六,20,20:00~21:00,60.989999999999995
113-2,星期六,21,21:00~22:00,53.119230769230775
113-2,星期六,22,22:00~23:00,46.45230769230769
113-2,星期六,23,23:00~24:00,45.42214285714285
113-2,星期日,0,00:00~01:00,41.83214285714286
113-2,星期日,1,01:00~02:00,41.59785714285714
113-2,星期日,2,02:00~03:00,42.487857142857145
113-2,星期日,3,03:00~04:00,42.402142857142856
113-2,星期日,4,04:00~05:00,41.47846153846153
113-2,星期日,5,05:00~06:00,44.61785714285715
113-2,星期日,6,06:00~07:00,38.89615384615385
113-2,星期日,7,07:00~08:00,56.918461538461536
113-2,星期日,8,08:00~09:00,91.23785714285714
113-2,星期日,9,09:00~10:00,85.95769230769233
113-2,星期日,10,10:00~11:00,92.31692307692309
113-2,星期日,11,11:00~12:00,91.71153846153844
113-2,星期日,12,12:00~13:00,91.76461538461538
113-2,星期日,13,13:00~14:00,110.59000000000002
113-2,星期日,14,14:00~15:00,103.4423076923077
113-2,星期日,15,15:00~16:00,116.2357142857143
113-2,星期日,16,16:00~17:00,106.87642857142858
113-2,星期日,17,17:00~18:00,81.35538461538461
113-2,星期日,18,18:00~19:00,63.80615384615385
113-2,星期日,19,19:00~20:00,53.66384615384615
113-2,星期日,20,20:00~21:00,52.47846153846155
113-2,星期日,21,21:00~22:00,47.643076923076926
113-2,星期日,22,22:00~23:00,49.900769230769235
113-2,星期日,23,23:00~24:00,44.90285714285715
114-1,星期一,0,00:00~01:00,46.582142857142856
114-1,星期一,1,01:00~02:00,49.569285714285705
114-1,星期一,2,02:00~03:00,44.740714285714276
114-1,星期一,3,03:00~04:00,44.434999999999995
114-1,星期一,4,04:00~05:00,44.90857142857142
114-1,星期一,5,05:00~06:00,44.317142857142855
114-1,星期一,6,06:00~07:00,45.14999999999999
114-1,星期一,7,07:00~08:00,102.83642857142857
114-1,星期一,8,08:00~09:00,140.26666666666668
114-1,星期一,9,09:00~10:00,188.966
114-1,星期一,10,10:00~11:00,222.27866666666668
114-1,星期一,11,11:00~12:00,230.64266666666666
114-1,星期一,12,12:00~13:00,222.79000000000002
114-1,星期一,13,13:00~14:00,221.92333333333335
114-1,星期一,14,14:00~15:00,235.92600000000002
114-1,星期一,15,15:00~16:00,249.64
114-1,星期一,16,16:00~17:00,251.37199999999999
114-1,星期一,17,17:00~18:00,231.53266666666664
114-1,星期一,18,18:00~19:00,148.73266666666666
114-1,星期一,19,19:00~20:00,110.20928571428571
114-1,星期一,20,20:00~21:00,99.00214285714287
114-1,星期一,21,21:00~22:00,93.15733333333334
114-1,星期一,22,22:00~23:00,56.938
114-1,星期一,23,23:00~24:00,50.91785714285714
114-1,星期二,0,00:00~01:00,48.40266666666666
114-1,星期二,1,01:00~02:00,47.872
114-1,星期二,2,02:00~03:00,45.59214285714286
114-1,星期二,3,03:00~04:00,45.40733333333334
114-1,星期二,4,04:00~05:00,46.144285714285715
114-1,星期二,5,05:00~06:00,47.604
114-1,星期二,6,06:00~07:00,44.5
114-1,星期二,7,07:00~08:00,96.49200000000002
114-1,星期二,8,08:00~09:00,150.44466666666668
114-1,星期二,9,09:00~10:00,211.48642857142863
114-1,星期二,10,10:00~11:00,270.53066666666666
114-1,星期二,11,11:00~12:00,283.71999999999997
114-1,星期二,12,12:00~13:00,281.82933333333335
114-1,星期二,13,13:00~14:00,247.12933333333336
114-1,星期二,14,14:00~15:00,272.844
114-1,星期二,15,15:00~16:00,287.7886666666667
114-1,星期二,16,16:00~17:00,274.3293333333333
114-1,星期二,17,17:00~18:00,257.34133333333335
114-1,星期二,18,18:00~19:00,175.39400000000003
114-1,星期二,19,19:00~20:00,130.548
114-1,星期二,20,20:00~21:00,121.99466666666669
114-1,星期二,21,21:00~22:00,96.98933333333333
114-1,星期二,22,22:00~23:00,59.527142857142856
114-1,星期二,23,23:00~24:00,54.522
114-1,星期三,0,00:00~01:00,49.22999999999999
114-1,星期三,1,01:00~02:00,47.27571428571428
114-1,星期三,2,02:00~03:00,45.345000000000006
114-1,星期三,3,03:00~04:00,43.63357142857143
114-1,星期三,4,04:00~05:00,47.144615384615385
114-1,星期三,5,05:00~06:00,46.114615384615384
114-1,星期三,6,06:00~07:00,42.743571428571435
114-1,星期三,7,07:00~08:00,85.02571428571427
114-1,星期三,8,08:00~09:00,142.82857142857145
114-1,星期三,9,09:00~10:00,219.752
114-1,星期三,10,10:00~11:00,263.48733333333337
114-1,星期三,11,11:00~12:00,275.48266666666666
114-1,星期三,12,12:00~13:00,266.63
114-1,星期三,13,13:00~14:00,229.974
114-1,星期三,14,14:00~15:00,249.13066666666663
114-1,星期三,15,15:00~16:00,269.34
114-1,星期三,16,16:00~17:00,264.31333333333333
114-1,星期三,17,17:00~18:00,246.55333333333337
114-1,星期三,18,18:00~19:00,173.55733333333333
114-1,星期三,19,19:00~20:00,124.714
114-1,星期三,20,20:00~21:00,114.56733333333332
114-1,星期三,21,21:00~22:00,94.85071428571429
114-1,星期三,22,22:00~23:00,59.02500000000001
114-1,星期三,23,23:00~24:00,51.61538461538461
114-1,星期四,0,00:00~01:00,46.942666666666675
114-1,星期四,1,01:00~02:00,46.685714285714276
114-1,星期四,2,02:00~03:00,44.544999999999995
114-1,星期四,3,03:00~04:00,44.42785714285714
114-1,星期四,4,04:00~05:00,47.18857142857143
114-1,星期四,5,05:00~06:00,46.51357142857143
114-1,星期四,6,06:00~07:00,45.1
114-1,星期四,7,07:00~08:00,86.62428571428573
114-1,星期四,8,08:00~09:00,138.4914285714286
114-1,星期四,9,09:00~10:00,205.52466666666666
114-1,星期四,10,10:00~11:00,256.8606666666667
114-1,星期四,11,11:00~12:00,263.0606666666667
114-1,星期四,12,12:00~13:00,270.49
114-1,星期四,13,13:00~14:00,226.05266666666674
114-1,星期四,14,14:00~15:00,241.446
114-1,星期四,15,15:00~16:00,269.1873333333334
114-1,星期四,16,16:00~17:00,263.27933333333334
114-1,星期四,17,17:00~18:00,226.83533333333338
114-1,星期四,18,18:00~19:00,185.03999999999996
114-1,星期四,19,19:00~20:00,144.68266666666668
114-1,星期四,20,20:00~21:00,131.9273333333333
114-1,星期四,21,21:00~22:00,116.11266666666668
114-1,星期四,22,22:00~23:00,61.519285714285715
114-1,星期四,23,23:00~24:00,55.30928571428571
114-1,星期五,0,00:00~01:00,50.13266666666667
114-1,星期五,1,01:00~02:00,47.47857142857142
114-1,星期五,2,02:00~03:00,47.109285714285704
114-1,星期五,3,03:00~04:00,45.653571428571425
114-1,星期五,4,04:00~05:00,47.59307692307693
114-1,星期五,5,05:00~06:00,46.17153846153846
114-1,星期五,6,06:00~07:00,45.38384615384616
114-1,星期五,7,07:00~08:00,78.2076923076923
114-1,星期五,8,08:00~09:00,124.28714285714285
114-1,星期五,9,09:00~10:00,168.0878571428571
114-1,星期五,10,10:00~11:00,198.87
114-1,星期五,11,11:00~12:00,207.85733333333334
114-1,星期五,12,12:00~13:00,217.13666666666668
114-1,星期五,13,13:00~14:00,194.83333333333334
114-1,星期五,14,14:00~15:00,230.43066666666667
114-1,星期五,15,15:00~16:00,220.8946666666666
114-1,星期五,16,16:00~17:00,200.8266666666667
114-1,星期五,17,17:00~18:00,164.0246666666667
114-1,星期五,18,18:00~19:00,133.35142857142858
114-1,星期五,19,19:00~20:00,103.34285714285716
114-1,星期五,20,20:00~21:00,94.18533333333332
114-1,星期五,21,21:00~22:00,82.88733333333333
114-1,星期五,22,22:00~23:00,55.772000000000006
114-1,星期五,23,23:00~24:00,51.18714285714286
114-1,星期六,0,00:00~01:00,49.22384615384614
114-1,星期六,1,01:00~02:00,47.10153846153845
114-1,星期六,2,02:00~03:00,45.468333333333334
114-1,星期六,3,03:00~04:00,46.028333333333336
114-1,星期六,4,04:00~05:00,46.33769230769231
114-1,星期六,5,05:00~06:00,48.13307692307693
114-1,星期六,6,06:00~07:00,44.374615384615396
114-1,星期六,7,07:00~08:00,76.255
114-1,星期六,8,08:00~09:00,109.86928571428571
114-1,星期六,9,09:00~10:00,125.47714285714282
114-1,星期六,10,10:00~11:00,123.54142857142857
114-1,星期六,11,11:00~12:00,118.91384615384612
114-1,星期六,12,12:00~13:00,123.69769230769232
114-1,星期六,13,13:00~14:00,118.71384615384615
114-1,星期六,14,14:00~15:00,130.81384615384616
114-1,星期六,15,15:00~16:00,116.875
114-1,星期六,16,16:00~17:00,112.99666666666668
114-1,星期六,17,17:00~18:00,107.0185714285714
114-1,星期六,18,18:00~19:00,82.03384615384616
114-1,星期六,19,19:00~20:00,79.8323076923077
114-1,星期六,20,20:00~21:00,68.78714285714285
114-1,星期六,21,21:00~22:00,60.98642857142857
114-1,星期六,22,22:00~23:00,50.94285714285714
114-1,星期六,23,23:00~24:00,48.57642857142857
114-1,星期日,0,00:00~01:00,47.99076923076923
114-1,星期日,1,01:00~02:00,44.24923076923077
114-1,星期日,2,02:00~03:00,42.076153846153844
114-1,星期日,3,03:00~04:00,41.92285714285713
114-1,星期日,4,04:00~05:00,44.23615384615385
114-1,星期日,5,05:00~06:00,44.99461538461538
114-1,星期日,6,06:00~07:00,41.48384615384616
114-1,星期日,7,07:00~08:00,83.88846153846154
114-1,星期日,8,08:00~09:00,100.68357142857143
114-1,星期日,9,09:00~10:00,97.35428571428572
114-1,星期日,10,10:00~11:00,98.65642857142858
114-1,星期日,11,11:00~12:00,98.0985714285714
114-1,星期日,12,12:00~13:00,102.115
114-1,星期日,13,13:00~14:00,106.30499999999999
114-1,星期日,14,14:00~15:00,107.64857142857143
114-1,星期日,15,15:00~16:00,104.96428571428568
114-1,星期日,16,16:00~17:00,101.32857142857142
114-1,星期日,17,17:00~18:00,87.8707142857143
114-1,星期日,18,18:00~19:00,77.1842857142857
114-1,星期日,19,19:00~20:00,58.21538461538462
114-1,星期日,20,20:00~21:00,56.67846153846154
114-1,星期日,21,21:00~22:00,52.573571428571434
114-1,星期日,22,22:00~23:00,52.32153846153846
114-1,星期日,23,23:00~24:00,46.81857142857143
114-2,星期一,0,00:00~01:00,41.46857142857142
114-2,星期一,1,01:00~02:00,41.73571428571428
114-2,星期一,2,02:00~03:00,40.08428571428571
114-2,星期一,3,03:00~04:00,39.61714285714286
114-2,星期一,4,04:00~05:00,39.34571428571429
114-2,星期一,5,05:00~06:00,41.544285714285714
114-2,星期一,6,06:00~07:00,40.40428571428571
114-2,星期一,7,07:00~08:00,44.895714285714284
114-2,星期一,8,08:00~09:00,94.76428571428572
114-2,星期一,9,09:00~10:00,154.73666666666668
114-2,星期一,10,10:00~11:00,166.48666666666668
114-2,星期一,11,11:00~12:00,175.18166666666664
114-2,星期一,12,12:00~13:00,181.02666666666667
114-2,星期一,13,13:00~14:00,138.10285714285715
114-2,星期一,14,14:00~15:00,188.465
114-2,星期一,15,15:00~16:00,195.71166666666667
114-2,星期一,16,16:00~17:00,183.89666666666665
114-2,星期一,17,17:00~18:00,178.38166666666666
114-2,星期一,18,18:00~19:00,106.25285714285714
114-2,星期一,19,19:00~20:00,79.21714285714286
114-2,星期一,20,20:00~21:00,78.42857142857143
114-2,星期一,21,21:00~22:00,75.03999999999999
114-2,星期一,22,22:00~23:00,51.941428571428574
114-2,星期一,23,23:00~24:00,46.089999999999996
114-2,星期二,0,00:00~01:00,45.47285714285714
114-2,星期二,1,01:00~02:00,43.92714285714286
114-2,星期二,2,02:00~03:00,39.50333333333334
114-2,星期二,3,03:00~04:00,39.03714285714286
114-2,星期二,4,04:00~05:00,40.5
114-2,星期二,5,05:00~06:00,42.33428571428572
114-2,星期二,6,06:00~07:00,40.401428571428575
114-2,星期二,7,07:00~08:00,46.60166666666667
114-2,星期二,8,08:00~09:00,114.81666666666668
114-2,星期二,9,09:00~10:00,136.67
114-2,星期二,10,10:00~11:00,170.48666666666665
114-2,星期二,11,11:00~12:00,176.46833333333333
114-2,星期二,12,12:00~13:00,172.99666666666667
114-2,星期二,13,13:00~14:00,161.12166666666667
114-2,星期二,14,14:00~15:00,174.8983333333333
114-2,星期二,15,15:00~16:00,178.26333333333332
114-2,星期二,16,16:00~17:00,178.3816666666667
114-2,星期二,17,17:00~18:00,156.86
114-2,星期二,18,18:00~19:00,119.44166666666666
114-2,星期二,19,19:00~20:00,94.50999999999999
114-2,星期二,20,20:00~21:00,82.16666666666667
114-2,星期二,21,21:00~22:00,78.58833333333334
114-2,星期二,22,22:00~23:00,52.97666666666667
114-2,星期二,23,23:00~24:00,45.865
114-2,星期三,0,00:00~01:00,42.638333333333335
114-2,星期三,1,01:00~02:00,42.538333333333334
114-2,星期三,2,02:00~03:00,42.755
114-2,星期三,3,03:00~04:00,39.843333333333334
114-2,星期三,4,04:00~05:00,42.69333333333333
114-2,星期三,5,05:00~06:00,44.6
114-2,星期三,6,06:00~07:00,41.14
114-2,星期三,7,07:00~08:00,48.77166666666667
114-2,星期三,8,08:00~09:00,111.47833333333334
114-2,星期三,9,09:00~10:00,146.40333333333334
114-2,星期三,10,10:00~11:00,165.32
114-2,星期三,11,11:00~12:00,167.13500000000002
114-2,星期三,12,12:00~13:00,170.4316666666667
114-2,星期三,13,13:00~14:00,151.845
114-2,星期三,14,14:00~15:00,173.42
114-2,星期三,15,15:00~16:00,188.89142857142858
114-2,星期三,16,16:00~17:00,172.12166666666667
114-2,星期三,17,17:00~18:00,163.12714285714287
114-2,星期三,18,18:00~19:00,124.01428571428572
114-2,星期三,19,19:00~20:00,96.08571428571429
114-2,星期三,20,20:00~21:00,86.76571428571428
114-2,星期三,21,21:00~22:00,72.61571428571429
114-2,星期三,22,22:00~23:00,53.32285714285715
114-2,星期三,23,23:00~24:00,46.48857142857143
114-2,星期四,0,00:00~01:00,47.040000000000006
114-2,星期四,1,01:00~02:00,45.535714285714285
114-2,星期四,2,02:00~03:00,41.70428571428572
114-2,星期四,3,03:00~04:00,41.05428571428571
114-2,星期四,4,04:00~05:00,40.80714285714286
114-2,星期四,5,05:00~06:00,42.059999999999995
114-2,星期四,6,06:00~07:00,38.701666666666675
114-2,星期四,7,07:00~08:00,48.56142857142857
114-2,星期四,8,08:00~09:00,101.78142857142856
114-2,星期四,9,09:00~10:00,147.84166666666667
114-2,星期四,10,10:00~11:00,184.12285714285716
114-2,星期四,11,11:00~12:00,184.70857142857145
114-2,星期四,12,12:00~13:00,195.93142857142857
114-2,星期四,13,13:00~14:00,159.0533333333333
114-2,星期四,14,14:00~15:00,180.48166666666665
114-2,星期四,15,15:00~16:00,188.21666666666667
114-2,星期四,16,16:00~17:00,181.59333333333333
114-2,星期四,17,17:00~18:00,166.7671428571429
114-2,星期四,18,18:00~19:00,124.28714285714284
114-2,星期四,19,19:00~20:00,89.63571428571429
114-2,星期四,20,20:00~21:00,76.51571428571428
114-2,星期四,21,21:00~22:00,67.79142857142857
114-2,星期四,22,22:00~23:00,51.745000000000005
114-2,星期四,23,23:00~24:00,46.50428571428571
114-2,星期五,0,00:00~01:00,42.66857142857143
114-2,星期五,1,01:00~02:00,41.16571428571429
114-2,星期五,2,02:00~03:00,41.47571428571429
114-2,星期五,3,03:00~04:00,42.058571428571426
114-2,星期五,4,04:00~05:00,41.589999999999996
114-2,星期五,5,05:00~06:00,41.675714285714285
114-2,星期五,6,06:00~07:00,42.52333333333333
114-2,星期五,7,07:00~08:00,47.38999999999999
114-2,星期五,8,08:00~09:00,84.58285714285714
114-2,星期五,9,09:00~10:00,110.34428571428569
114-2,星期五,10,10:00~11:00,130.47857142857143
114-2,星期五,11,11:00~12:00,136.70857142857145
114-2,星期五,12,12:00~13:00,128.07285714285715
114-2,星期五,13,13:00~14:00,110.1957142857143
114-2,星期五,14,14:00~15:00,134.73857142857145
114-2,星期五,15,15:00~16:00,140.44857142857146
114-2,星期五,16,16:00~17:00,135.70857142857145
114-2,星期五,17,17:00~18:00,120.26714285714286
114-2,星期五,18,18:00~19:00,92.08285714285714
114-2,星期五,19,19:00~20:00,68.20714285714287
114-2,星期五,20,20:00~21:00,65.98714285714286
114-2,星期五,21,21:00~22:00,61.64714285714286
114-2,星期五,22,22:00~23:00,50.81142857142857
114-2,星期五,23,23:00~24:00,43.74428571428571
114-2,星期六,0,00:00~01:00,43.410000000000004
114-2,星期六,1,01:00~02:00,39.30285714285714
114-2,星期六,2,02:00~03:00,40.31428571428571
114-2,星期六,3,03:00~04:00,39.27571428571429
114-2,星期六,4,04:00~05:00,41.38
114-2,星期六,5,05:00~06:00,41.941428571428574
114-2,星期六,6,06:00~07:00,40.222857142857144
114-2,星期六,7,07:00~08:00,42.76
114-2,星期六,8,08:00~09:00,92.93571428571428
114-2,星期六,9,09:00~10:00,95.98428571428573
114-2,星期六,10,10:00~11:00,101.73142857142857
114-2,星期六,11,11:00~12:00,89.38857142857144
114-2,星期六,12,12:00~13:00,93.08833333333332
114-2,星期六,13,13:00~14:00,85.04166666666667
114-2,星期六,14,14:00~15:00,95.50666666666666
114-2,星期六,15,15:00~16:00,94.70166666666667
114-2,星期六,16,16:00~17:00,80.98166666666667
114-2,星期六,17,17:00~18:00,86.74000000000001
114-2,星期六,18,18:00~19:00,74.06833333333333
114-2,星期六,19,19:00~20:00,56.02
114-2,星期六,20,20:00~21:00,53.31166666666667
114-2,星期六,21,21:00~22:00,48.95166666666666
114-2,星期六,22,22:00~23:00,45.995000000000005
114-2,星期六,23,23:00~24:00,42.815
114-2,星期日,0,00:00~01:00,42.94833333333333
114-2,星期日,1,01:00~02:00,41.598333333333336
114-2,星期日,2,02:00~03:00,40.31333333333333
114-2,星期日,3,03:00~04:00,40.38
114-2,星期日,4,04:00~05:00,40.58
114-2,星期日,5,05:00~06:00,39.55
114-2,星期日,6,06:00~07:00,41.321666666666665
114-2,星期日,7,07:00~08:00,41.51666666666666
114-2,星期日,8,08:00~09:00,74.54833333333333
114-2,星期日,9,09:00~10:00,67.57666666666667
114-2,星期日,10,10:00~11:00,70.98666666666666
114-2,星期日,11,11:00~12:00,73.67833333333333
114-2,星期日,12,12:00~13:00,75.94166666666666
114-2,星期日,13,13:00~14:00,66.33999999999999
114-2,星期日,14,14:00~15:00,69.83999999999999
114-2,星期日,15,15:00~16:00,72.895
114-2,星期日,16,16:00~17:00,74.66166666666668
114-2,星期日,17,17:00~18:00,69.13333333333334
114-2,星期日,18,18:00~19:00,64.635
114-2,星期日,19,19:00~20:00,57.80333333333334
114-2,星期日,20,20:00~21:00,46.76200000000001
114-2,星期日,21,21:00~22:00,46.239999999999995
114-2,星期日,22,22:00~23:00,48.10999999999999
114-2,星期日,23,23:00~24:00,41.931666666666665
