年度學期,星期,小時,時間區間,平均功率_kW,星期六基礎功率_kW,扣除基礎後功率_kW
113-1,星期一,7,07:00~08:00,8.331428571428571,25.56500000000001,-17.233571428571437
113-1,星期一,8,08:00~09:00,107.74733333333334,76.12666666666668,31.620666666666665
113-1,星期一,9,09:00~10:00,130.2771428571429,79.86090909090909,50.416233766233816
113-1,星期一,10,10:00~11:00,151.445,82.561,68.88399999999999
113-1,星期一,11,11:00~12:00,168.12230769230766,105.4,62.72230769230765
113-1,星期一,12,12:00~13:00,165.4338461538462,88.69818181818181,76.73566433566438
113-1,星期一,13,13:00~14:00,133.09428571428572,79.251,53.84328571428571
113-1,星期一,14,14:00~15:00,154.68615384615384,68.75090909090908,85.93524475524477
113-1,星期一,15,15:00~16:00,173.9813333333333,70.14750000000002,103.83383333333329
113-1,星期一,16,16:00~17:00,172.85733333333337,64.13214285714285,108.72519047619052
113-1,星期一,17,17:00~18:00,177.42666666666665,17.790769230769232,159.63589743589742
113-1,星期二,7,07:00~08:00,11.705384615384617,25.56500000000001,-13.859615384615392
113-1,星期二,8,08:00~09:00,114.34999999999998,76.12666666666668,38.2233333333333
113-1,星期二,9,09:00~10:00,122.94071428571428,79.86090909090909,43.07980519480519
113-1,星期二,10,10:00~11:00,158.94916666666666,82.561,76.38816666666665
113-1,星期二,11,11:00~12:00,172.42818181818183,105.4,67.02818181818182
113-1,星期二,12,12:00~13:00,178.726,88.69818181818181,90.02781818181819
113-1,星期二,13,13:00~14:00,163.5275,79.251,84.2765
113-1,星期二,14,14:00~15:00,159.69214285714287,68.75090909090908,90.9412337662338
113-1,星期二,15,15:00~16:00,160.37428571428572,70.14750000000002,90.2267857142857
113-1,星期二,16,16:00~17:00,166.77714285714288,64.13214285714285,102.64500000000002
113-1,星期二,17,17:00~18:00,159.8093333333333,17.790769230769232,142.01856410256408
113-1,星期三,7,07:00~08:00,9.344545454545454,25.56500000000001,-16.220454545454555
113-1,星期三,8,08:00~09:00,91.42,76.12666666666668,15.293333333333322
113-1,星期三,9,09:00~10:00,110.46214285714288,79.86090909090909,30.60123376623379
113-1,星期三,10,10:00~11:00,160.12600000000003,82.561,77.56500000000003
113-1,星期三,11,11:00~12:00,140.42000000000002,105.4,35.02000000000001
113-1,星期三,12,12:00~13:00,163.80777777777777,88.69818181818181,75.10959595959596
113-1,星期三,13,13:00~14:00,125.76083333333332,79.251,46.50983333333332
113-1,星期三,14,14:00~15:00,134.07615384615386,68.75090909090908,65.32524475524478
113-1,星期三,15,15:00~16:00,142.97214285714284,70.14750000000002,72.82464285714282
113-1,星期三,16,16:00~17:00,152.40357142857144,64.13214285714285,88.27142857142859
113-1,星期三,17,17:00~18:00,151.45133333333334,17.790769230769232,133.6605641025641
113-1,星期四,7,07:00~08:00,8.92642857142857,25.56500000000001,-16.63857142857144
113-1,星期四,8,08:00~09:00,68.11,76.12666666666668,-8.01666666666668
113-1,星期四,9,09:00~10:00,98.17333333333332,79.86090909090909,18.31242424242423
113-1,星期四,10,10:00~11:00,117.94142857142856,82.561,35.38042857142855
113-1,星期四,11,11:00~12:00,143.92916666666665,105.4,38.52916666666664
113-1,星期四,12,12:00~13:00,129.33500000000004,88.69818181818181,40.63681818181823
113-1,星期四,13,13:00~14:00,124.42166666666668,79.251,45.170666666666676
113-1,星期四,14,14:00~15:00,144.83999999999995,68.75090909090908,76.08909090909087
113-1,星期四,15,15:00~16:00,121.05428571428573,70.14750000000002,50.906785714285704
113-1,星期四,16,16:00~17:00,117.9246666666667,64.13214285714285,53.79252380952384
113-1,星期四,17,17:00~18:00,121.90200000000002,17.790769230769232,104.11123076923079
113-1,星期五,7,07:00~08:00,9.178571428571429,25.56500000000001,-16.38642857142858
113-1,星期五,8,08:00~09:00,105.06214285714285,76.12666666666668,28.935476190476166
113-1,星期五,9,09:00~10:00,131.175,79.86090909090909,51.31409090909092
113-1,星期五,10,10:00~11:00,188.188,82.561,105.62699999999998
113-1,星期五,11,11:00~12:00,170.64166666666668,105.4,65.24166666666667
113-1,星期五,12,12:00~13:00,152.31615384615384,88.69818181818181,63.61797202797203
113-1,星期五,13,13:00~14:00,138.80833333333334,79.251,59.55733333333333
113-1,星期五,14,14:00~15:00,146.90785714285715,68.75090909090908,78.15694805194808
113-1,星期五,15,15:00~16:00,147.86333333333334,70.14750000000002,77.71583333333332
113-1,星期五,16,16:00~17:00,146.10066666666663,64.13214285714285,81.96852380952377
113-1,星期五,17,17:00~18:00,138.26266666666666,17.790769230769232,120.47189743589743
113-2,星期一,7,07:00~08:00,9.15,7.742500000000001,1.4074999999999998
113-2,星期一,8,08:00~09:00,27.03428571428572,11.945714285714285,15.088571428571434
113-2,星期一,9,09:00~10:00,50.425714285714285,14.524,35.901714285714284
113-2,星期一,10,10:00~11:00,74.21333333333332,24.66,49.55333333333333
113-2,星期一,11,11:00~12:00,55.70666666666667,25.245,30.46166666666667
113-2,星期一,12,12:00~13:00,53.28666666666667,25.238,28.04866666666667
113-2,星期一,13,13:00~14:00,41.895,10.185,31.71
113-2,星期一,14,14:00~15:00,43.45666666666667,20.756,22.70066666666667
113-2,星期一,15,15:00~16:00,54.99,18.98333333333333,36.006666666666675
113-2,星期一,16,16:00~17:00,55.02,11.06,43.96
113-2,星期一,17,17:00~18:00,60.97666666666667,7.233333333333334,53.74333333333333
113-2,星期二,7,07:00~08:00,10.008,7.742500000000001,2.2654999999999985
113-2,星期二,8,08:00~09:00,32.678,11.945714285714285,20.732285714285712
113-2,星期二,9,09:00~10:00,52.120000000000005,14.524,37.596000000000004
113-2,星期二,10,10:00~11:00,60.63,24.66,35.97
113-2,星期二,11,11:00~12:00,59.898,25.245,34.653000000000006
113-2,星期二,12,12:00~13:00,57.955,25.238,32.717
113-2,星期二,13,13:00~14:00,61.333333333333336,10.185,51.14833333333333
113-2,星期二,14,14:00~15:00,69.315,20.756,48.559
113-2,星期二,15,15:00~16:00,72.42,18.98333333333333,53.43666666666667
113-2,星期二,16,16:00~17:00,51.06333333333333,11.06,40.00333333333333
113-2,星期二,17,17:00~18:00,51.196666666666665,7.233333333333334,43.96333333333333
113-2,星期三,7,07:00~08:00,11.27375,7.742500000000001,3.531249999999999
113-2,星期三,8,08:00~09:00,35.946666666666665,11.945714285714285,24.00095238095238
113-2,星期三,9,09:00~10:00,40.722,14.524,26.198
113-2,星期三,10,10:00~11:00,48.653333333333336,24.66,23.993333333333336
113-2,星期三,11,11:00~12:00,63.41,25.245,38.16499999999999
113-2,星期三,12,12:00~13:00,56.9925,25.238,31.7545
113-2,星期三,13,13:00~14:00,41.152,10.185,30.967
113-2,星期三,14,14:00~15:00,38.400000000000006,20.756,17.644000000000005
113-2,星期三,15,15:00~16:00,55.696666666666665,18.98333333333333,36.71333333333334
113-2,星期三,16,16:00~17:00,54.385000000000005,11.06,43.325
113-2,星期三,17,17:00~18:00,50.005,7.233333333333334,42.77166666666667
113-2,星期四,7,07:00~08:00,6.194999999999999,7.742500000000001,-1.5475000000000012
113-2,星期四,8,08:00~09:00,21.768,11.945714285714285,9.822285714285716
113-2,星期四,9,09:00~10:00,47.786,14.524,33.262
113-2,星期四,10,10:00~11:00,49.905,24.66,25.245
113-2,星期四,11,11:00~12:00,66.03333333333335,25.245,40.78833333333334
113-2,星期四,12,12:00~13:00,67.715,25.238,42.477000000000004
113-2,星期四,13,13:00~14:00,52.27,10.185,42.085
113-2,星期四,14,14:00~15:00,50.74,20.756,29.984
113-2,星期四,15,15:00~16:00,50.13666666666666,18.98333333333333,31.153333333333332
113-2,星期四,16,16:00~17:00,45.81999999999999,11.06,34.75999999999999
113-2,星期四,17,17:00~18:00,42.20333333333333,7.233333333333334,34.97
113-2,星期五,7,07:00~08:00,9.905,7.742500000000001,2.1624999999999988
113-2,星期五,8,08:00~09:00,23.22666666666667,11.945714285714285,11.280952380952385
113-2,星期五,9,09:00~10:00,43.526,14.524,29.002000000000002
113-2,星期五,10,10:00~11:00,60.065,24.66,35.405
113-2,星期五,11,11:00~12:00,66.73,25.245,41.485
113-2,星期五,12,12:00~13:00,74.94666666666666,25.238,49.70866666666666
113-2,星期五,13,13:00~14:00,54.2575,10.185,44.0725
113-2,星期五,14,14:00~15:00,51.3425,20.756,30.5865
113-2,星期五,15,15:00~16:00,51.7725,18.98333333333333,32.789166666666674
113-2,星期五,16,16:00~17:00,34.75666666666667,11.06,23.696666666666665
113-2,星期五,17,17:00~18:00,19.49,7.233333333333334,12.256666666666664
114-1,星期一,7,07:00~08:00,7.524000000000001,6.594545454545455,0.9294545454545462
114-1,星期一,8,08:00~09:00,19.25375,50.982,-31.72825
114-1,星期一,9,09:00~10:00,34.536249999999995,46.91833333333333,-12.382083333333334
114-1,星期一,10,10:00~11:00,43.792,42.24,1.5519999999999996
114-1,星期一,11,11:00~12:00,67.68285714285715,55.012857142857136,12.670000000000009
114-1,星期一,12,12:00~13:00,50.48666666666666,59.64999999999999,-9.163333333333334
114-1,星期一,13,13:00~14:00,57.12555555555556,44.81,12.315555555555555
114-1,星期一,14,14:00~15:00,67.07124999999999,44.866,22.205249999999992
114-1,星期一,15,15:00~16:00,82.005,29.492,52.51299999999999
114-1,星期一,16,16:00~17:00,76.46375,29.18142857142857,47.282321428571436
114-1,星期一,17,17:00~18:00,89.67428571428572,32.85857142857143,56.815714285714286
114-1,星期二,7,07:00~08:00,9.48846153846154,6.594545454545455,2.8939160839160847
114-1,星期二,8,08:00~09:00,23.50428571428571,50.982,-27.47771428571429
114-1,星期二,9,09:00~10:00,36.91375000000001,46.91833333333333,-10.004583333333322
114-1,星期二,10,10:00~11:00,47.63999999999999,42.24,5.3999999999999915
114-1,星期二,11,11:00~12:00,68.18166666666667,55.012857142857136,13.168809523809536
114-1,星期二,12,12:00~13:00,51.565,59.64999999999999,-8.084999999999994
114-1,星期二,13,13:00~14:00,68.00999999999999,44.81,23.19999999999999
114-1,星期二,14,14:00~15:00,61.26833333333334,44.866,16.40233333333334
114-1,星期二,15,15:00~16:00,65.11,29.492,35.617999999999995
114-1,星期二,16,16:00~17:00,66.15,29.18142857142857,36.96857142857144
114-1,星期二,17,17:00~18:00,66.56875,32.85857142857143,33.710178571428564
114-1,星期三,7,07:00~08:00,9.92,6.594545454545455,3.325454545454545
114-1,星期三,8,08:00~09:00,22.786250000000003,50.982,-28.195749999999997
114-1,星期三,9,09:00~10:00,55.39,46.91833333333333,8.471666666666671
114-1,星期三,10,10:00~11:00,77.078,42.24,34.838
114-1,星期三,11,11:00~12:00,100.515,55.012857142857136,45.502142857142864
114-1,星期三,12,12:00~13:00,115.118,59.64999999999999,55.468
114-1,星期三,13,13:00~14:00,108.89375,44.81,64.08375
114-1,星期三,14,14:00~15:00,94.9811111111111,44.866,50.115111111111105
114-1,星期三,15,15:00~16:00,122.05142857142856,29.492,92.55942857142855
114-1,星期三,16,16:00~17:00,95.75777777777778,29.18142857142857,66.5763492063492
114-1,星期三,17,17:00~18:00,104.71777777777778,32.85857142857143,71.85920634920635
114-1,星期四,7,07:00~08:00,8.326923076923077,6.594545454545455,1.732377622377622
114-1,星期四,8,08:00~09:00,61.64857142857143,50.982,10.66657142857143
114-1,星期四,9,09:00~10:00,85.018,46.91833333333333,38.09966666666667
114-1,星期四,10,10:00~11:00,132.635,42.24,90.39499999999998
114-1,星期四,11,11:00~12:00,132.5425,55.012857142857136,77.52964285714285
114-1,星期四,12,12:00~13:00,107.13666666666668,59.64999999999999,47.48666666666669
114-1,星期四,13,13:00~14:00,90.69833333333334,44.81,45.888333333333335
114-1,星期四,14,14:00~15:00,94.43833333333332,44.866,49.57233333333332
114-1,星期四,15,15:00~16:00,99.40285714285714,29.492,69.91085714285714
114-1,星期四,16,16:00~17:00,105.89714285714284,29.18142857142857,76.71571428571427
114-1,星期四,17,17:00~18:00,109.16428571428573,32.85857142857143,76.30571428571429
114-1,星期五,7,07:00~08:00,7.639090909090908,6.594545454545455,1.0445454545454531
114-1,星期五,8,08:00~09:00,26.1625,50.982,-24.819499999999998
114-1,星期五,9,09:00~10:00,42.68625,46.91833333333333,-4.232083333333328
114-1,星期五,10,10:00~11:00,79.96000000000001,42.24,37.720000000000006
114-1,星期五,11,11:00~12:00,89.7775,55.012857142857136,34.76464285714287
114-1,星期五,12,12:00~13:00,91.28142857142858,59.64999999999999,31.631428571428586
114-1,星期五,13,13:00~14:00,95.95666666666664,44.81,51.14666666666663
114-1,星期五,14,14:00~15:00,76.26714285714286,44.866,31.401142857142858
114-1,星期五,15,15:00~16:00,85.465,29.492,55.973
114-1,星期五,16,16:00~17:00,65.298,29.18142857142857,36.11657142857143
114-1,星期五,17,17:00~18:00,109.74375,32.85857142857143,76.88517857142858
114-2,星期一,7,07:00~08:00,6.095,9.261666666666668,-3.1666666666666687
114-2,星期一,8,08:00~09:00,57.3725,21.196,36.176500000000004
114-2,星期一,9,09:00~10:00,68.10666666666667,16.833333333333332,51.27333333333334
114-2,星期一,10,10:00~11:00,77.69,42.03333333333334,35.65666666666666
114-2,星期一,11,11:00~12:00,90.376,58.245,32.13100000000001
114-2,星期一,12,12:00~13:00,86.03166666666665,28.14,57.89166666666665
114-2,星期一,13,13:00~14:00,71.27571428571429,78.71,-7.434285714285707
114-2,星期一,14,14:00~15:00,93.43,50.68000000000001,42.75
114-2,星期一,15,15:00~16:00,103.59,78.155,25.435000000000002
114-2,星期一,16,16:00~17:00,108.43857142857142,48.7675,59.67107142857142
114-2,星期一,17,17:00~18:00,116.6542857142857,14.71,101.94428571428571
114-2,星期二,7,07:00~08:00,7.305714285714286,9.261666666666668,-1.9559523809523824
114-2,星期二,8,08:00~09:00,24.826,21.196,3.629999999999999
114-2,星期二,9,09:00~10:00,61.496,16.833333333333332,44.66266666666667
114-2,星期二,10,10:00~11:00,61.943333333333335,42.03333333333334,19.909999999999997
114-2,星期二,11,11:00~12:00,81.065,58.245,22.82
114-2,星期二,12,12:00~13:00,77.48333333333333,28.14,49.343333333333334
114-2,星期二,13,13:00~14:00,81.32,78.71,2.6099999999999994
114-2,星期二,14,14:00~15:00,88.755,50.68000000000001,38.07499999999999
114-2,星期二,15,15:00~16:00,95.36166666666666,78.155,17.206666666666663
114-2,星期二,16,16:00~17:00,84.77499999999999,48.7675,36.00749999999999
114-2,星期二,17,17:00~18:00,104.99833333333332,14.71,90.28833333333333
114-2,星期三,7,07:00~08:00,7.923333333333335,9.261666666666668,-1.3383333333333338
114-2,星期三,8,08:00~09:00,37.164,21.196,15.968
114-2,星期三,9,09:00~10:00,53.485,16.833333333333332,36.65166666666667
114-2,星期三,10,10:00~11:00,70.905,42.03333333333334,28.871666666666663
114-2,星期三,11,11:00~12:00,72.225,58.245,13.979999999999997
114-2,星期三,12,12:00~13:00,64.275,28.14,36.135000000000005
114-2,星期三,13,13:00~14:00,79.73000000000002,78.71,1.0200000000000244
114-2,星期三,14,14:00~15:00,55.19,50.68000000000001,4.509999999999991
114-2,星期三,15,15:00~16:00,77.644,78.155,-0.5109999999999957
114-2,星期三,16,16:00~17:00,85.008,48.7675,36.2405
114-2,星期三,17,17:00~18:00,67.13666666666667,14.71,52.42666666666667
114-2,星期四,7,07:00~08:00,5.536666666666666,9.261666666666668,-3.7250000000000023
114-2,星期四,8,08:00~09:00,54.59333333333333,21.196,33.39733333333332
114-2,星期四,9,09:00~10:00,83.41499999999999,16.833333333333332,66.58166666666666
114-2,星期四,10,10:00~11:00,79.6525,42.03333333333334,37.619166666666665
114-2,星期四,11,11:00~12:00,102.15,58.245,43.90500000000001
114-2,星期四,12,12:00~13:00,105.59,28.14,77.45
114-2,星期四,13,13:00~14:00,73.1225,78.71,-5.5874999999999915
114-2,星期四,14,14:00~15:00,85.45,50.68000000000001,34.769999999999996
114-2,星期四,15,15:00~16:00,118.5225,78.155,40.36749999999999
114-2,星期四,16,16:00~17:00,104.344,48.7675,55.576499999999996
114-2,星期四,17,17:00~18:00,82.63666666666666,14.71,67.92666666666665
114-2,星期五,7,07:00~08:00,7.626666666666666,9.261666666666668,-1.6350000000000025
114-2,星期五,8,08:00~09:00,22.102,21.196,0.9059999999999988
114-2,星期五,9,09:00~10:00,61.35999999999999,16.833333333333332,44.52666666666666
114-2,星期五,10,10:00~11:00,59.69,42.03333333333334,17.65666666666666
114-2,星期五,11,11:00~12:00,68.81333333333333,58.245,10.568333333333335
114-2,星期五,12,12:00~13:00,69.42999999999999,28.14,41.28999999999999
114-2,星期五,13,13:00~14:00,54.18,78.71,-24.529999999999994
114-2,星期五,14,14:00~15:00,56.92,50.68000000000001,6.239999999999995
114-2,星期五,15,15:00~16:00,58.01,78.155,-20.145000000000003
114-2,星期五,16,16:00~17:00,64.36333333333333,48.7675,15.595833333333331
114-2,星期五,17,17:00~18:00,38.78,14.71,24.07
